dataset	gene	tree_file	rf	nrf
SongD1	gene1	gene1.treefile	18.0	0.2647058823529412
SongD1	gene10	gene10.treefile	20.0	0.29411764705882354
SongD1	gene100	gene100.treefile	24.0	0.35294117647058826
SongD1	gene101	gene101.treefile	24.0	0.35294117647058826
SongD1	gene102	gene102.treefile	20.0	0.29411764705882354
SongD1	gene103	gene103.treefile	20.0	0.29411764705882354
SongD1	gene104	gene104.treefile	28.0	0.4117647058823529
SongD1	gene105	gene105.treefile	14.0	0.20588235294117646
SongD1	gene106	gene106.treefile	14.0	0.20588235294117646
SongD1	gene107	gene107.treefile	44.0	0.6470588235294118
SongD1	gene108	gene108.treefile	14.0	0.20588235294117646
SongD1	gene109	gene109.treefile	28.0	0.4117647058823529
SongD1	gene110	gene110.treefile	10.0	0.14705882352941177
SongD1	gene111	gene111.treefile	14.0	0.20588235294117646
SongD1	gene112	gene112.treefile	28.0	0.4117647058823529
SongD1	gene113	gene113.treefile	22.0	0.3235294117647059
SongD1	gene114	gene114.treefile	24.0	0.35294117647058826
SongD1	gene115	gene115.treefile	8.0	0.11764705882352941
SongD1	gene116	gene116.treefile	16.0	0.23529411764705882
SongD1	gene117	gene117.treefile	14.0	0.20588235294117646
SongD1	gene118	gene118.treefile	8.0	0.11764705882352941
SongD1	gene12	gene12.treefile	24.0	0.35294117647058826
SongD1	gene120	gene120.treefile	12.0	0.17647058823529413
SongD1	gene121	gene121.treefile	10.0	0.14705882352941177
SongD1	gene122	gene122.treefile	30.0	0.4411764705882353
SongD1	gene123	gene123.treefile	32.0	0.47058823529411764
SongD1	gene124	gene124.treefile	34.0	0.5
SongD1	gene125	gene125.treefile	36.0	0.5294117647058824
SongD1	gene126	gene126.treefile	12.0	0.17647058823529413
SongD1	gene127	gene127.treefile	26.0	0.38235294117647056
SongD1	gene128	gene128.treefile	12.0	0.17647058823529413
SongD1	gene129	gene129.treefile	22.0	0.3235294117647059
SongD1	gene13	gene13.treefile	8.0	0.11764705882352941
SongD1	gene130	gene130.treefile	10.0	0.14705882352941177
SongD1	gene131	gene131.treefile	16.0	0.23529411764705882
SongD1	gene132	gene132.treefile	26.0	0.38235294117647056
SongD1	gene133	gene133.treefile	10.0	0.14705882352941177
SongD1	gene134	gene134.treefile	16.0	0.23529411764705882
SongD1	gene135	gene135.treefile	8.0	0.11764705882352941
SongD1	gene136	gene136.treefile	8.0	0.11764705882352941
SongD1	gene137	gene137.treefile	14.0	0.20588235294117646
SongD1	gene138	gene138.treefile	16.0	0.23529411764705882
SongD1	gene139	gene139.treefile	8.0	0.11764705882352941
SongD1	gene14	gene14.treefile	14.0	0.20588235294117646
SongD1	gene140	gene140.treefile	10.0	0.14705882352941177
SongD1	gene141	gene141.treefile	14.0	0.20588235294117646
SongD1	gene142	gene142.treefile	16.0	0.23529411764705882
SongD1	gene143	gene143.treefile	20.0	0.29411764705882354
SongD1	gene144	gene144.treefile	16.0	0.23529411764705882
SongD1	gene145	gene145.treefile	32.0	0.47058823529411764
SongD1	gene146	gene146.treefile	12.0	0.17647058823529413
SongD1	gene147	gene147.treefile	28.0	0.4117647058823529
SongD1	gene148	gene148.treefile	16.0	0.23529411764705882
SongD1	gene149	gene149.treefile	6.0	0.08823529411764706
SongD1	gene15	gene15.treefile	8.0	0.11764705882352941
SongD1	gene151	gene151.treefile	14.0	0.20588235294117646
SongD1	gene152	gene152.treefile	20.0	0.29411764705882354
SongD1	gene153	gene153.treefile	8.0	0.11764705882352941
SongD1	gene154	gene154.treefile	36.0	0.5294117647058824
SongD1	gene155	gene155.treefile	10.0	0.14705882352941177
SongD1	gene156	gene156.treefile	24.0	0.35294117647058826
SongD1	gene157	gene157.treefile	24.0	0.35294117647058826
SongD1	gene158	gene158.treefile	14.0	0.20588235294117646
SongD1	gene159	gene159.treefile	18.0	0.2647058823529412
SongD1	gene16	gene16.treefile	10.0	0.14705882352941177
SongD1	gene160	gene160.treefile	12.0	0.17647058823529413
SongD1	gene161	gene161.treefile	12.0	0.17647058823529413
SongD1	gene162	gene162.treefile	18.0	0.2647058823529412
SongD1	gene163	gene163.treefile	44.0	0.6470588235294118
SongD1	gene164	gene164.treefile	6.0	0.08823529411764706
SongD1	gene165	gene165.treefile	8.0	0.11764705882352941
SongD1	gene166	gene166.treefile	16.0	0.23529411764705882
SongD1	gene167	gene167.treefile	16.0	0.23529411764705882
SongD1	gene169	gene169.treefile	4.0	0.058823529411764705
SongD1	gene17	gene17.treefile	18.0	0.2647058823529412
SongD1	gene170	gene170.treefile	8.0	0.11764705882352941
SongD1	gene171	gene171.treefile	10.0	0.14705882352941177
SongD1	gene172	gene172.treefile	10.0	0.14705882352941177
SongD1	gene173	gene173.treefile	18.0	0.2647058823529412
SongD1	gene174	gene174.treefile	10.0	0.14705882352941177
SongD1	gene175	gene175.treefile	22.0	0.3235294117647059
SongD1	gene176	gene176.treefile	10.0	0.14705882352941177
SongD1	gene177	gene177.treefile	34.0	0.5
SongD1	gene178	gene178.treefile	26.0	0.38235294117647056
SongD1	gene179	gene179.treefile	20.0	0.29411764705882354
SongD1	gene18	gene18.treefile	16.0	0.23529411764705882
SongD1	gene180	gene180.treefile	4.0	0.058823529411764705
SongD1	gene181	gene181.treefile	16.0	0.23529411764705882
SongD1	gene182	gene182.treefile	18.0	0.2647058823529412
SongD1	gene183	gene183.treefile	18.0	0.2647058823529412
SongD1	gene184	gene184.treefile	16.0	0.23529411764705882
SongD1	gene185	gene185.treefile	20.0	0.29411764705882354
SongD1	gene186	gene186.treefile	20.0	0.29411764705882354
SongD1	gene187	gene187.treefile	20.0	0.29411764705882354
SongD1	gene188	gene188.treefile	20.0	0.29411764705882354
SongD1	gene189	gene189.treefile	20.0	0.29411764705882354
SongD1	gene19	gene19.treefile	6.0	0.08823529411764706
SongD1	gene190	gene190.treefile	14.0	0.20588235294117646
SongD1	gene191	gene191.treefile	14.0	0.20588235294117646
SongD1	gene192	gene192.treefile	12.0	0.17647058823529413
SongD1	gene193	gene193.treefile	18.0	0.2647058823529412
SongD1	gene194	gene194.treefile	24.0	0.35294117647058826
SongD1	gene195	gene195.treefile	30.0	0.4411764705882353
SongD1	gene196	gene196.treefile	12.0	0.17647058823529413
SongD1	gene198	gene198.treefile	8.0	0.11764705882352941
SongD1	gene2	gene2.treefile	16.0	0.23529411764705882
SongD1	gene20	gene20.treefile	24.0	0.35294117647058826
SongD1	gene201	gene201.treefile	12.0	0.17647058823529413
SongD1	gene202	gene202.treefile	14.0	0.20588235294117646
SongD1	gene203	gene203.treefile	38.0	0.5588235294117647
SongD1	gene204	gene204.treefile	24.0	0.35294117647058826
SongD1	gene205	gene205.treefile	16.0	0.23529411764705882
SongD1	gene206	gene206.treefile	10.0	0.14705882352941177
SongD1	gene207	gene207.treefile	14.0	0.20588235294117646
SongD1	gene208	gene208.treefile	32.0	0.47058823529411764
SongD1	gene21	gene21.treefile	20.0	0.29411764705882354
SongD1	gene210	gene210.treefile	14.0	0.20588235294117646
SongD1	gene211	gene211.treefile	20.0	0.29411764705882354
SongD1	gene212	gene212.treefile	12.0	0.17647058823529413
SongD1	gene213	gene213.treefile	12.0	0.17647058823529413
SongD1	gene214	gene214.treefile	8.0	0.11764705882352941
SongD1	gene215	gene215.treefile	16.0	0.23529411764705882
SongD1	gene216	gene216.treefile	30.0	0.4411764705882353
SongD1	gene217	gene217.treefile	14.0	0.20588235294117646
SongD1	gene218	gene218.treefile	12.0	0.17647058823529413
SongD1	gene219	gene219.treefile	34.0	0.5
SongD1	gene22	gene22.treefile	20.0	0.29411764705882354
SongD1	gene220	gene220.treefile	26.0	0.38235294117647056
SongD1	gene221	gene221.treefile	18.0	0.2647058823529412
SongD1	gene222	gene222.treefile	14.0	0.20588235294117646
SongD1	gene223	gene223.treefile	12.0	0.17647058823529413
SongD1	gene224	gene224.treefile	16.0	0.23529411764705882
SongD1	gene225	gene225.treefile	16.0	0.23529411764705882
SongD1	gene226	gene226.treefile	10.0	0.14705882352941177
SongD1	gene227	gene227.treefile	20.0	0.29411764705882354
SongD1	gene228	gene228.treefile	12.0	0.17647058823529413
SongD1	gene229	gene229.treefile	18.0	0.2647058823529412
SongD1	gene23	gene23.treefile	20.0	0.29411764705882354
SongD1	gene230	gene230.treefile	12.0	0.17647058823529413
SongD1	gene231	gene231.treefile	32.0	0.47058823529411764
SongD1	gene233	gene233.treefile	6.0	0.08823529411764706
SongD1	gene234	gene234.treefile	14.0	0.20588235294117646
SongD1	gene235	gene235.treefile	30.0	0.4411764705882353
SongD1	gene236	gene236.treefile	4.0	0.058823529411764705
SongD1	gene237	gene237.treefile	10.0	0.14705882352941177
SongD1	gene238	gene238.treefile	14.0	0.20588235294117646
SongD1	gene239	gene239.treefile	22.0	0.3235294117647059
SongD1	gene24	gene24.treefile	32.0	0.47058823529411764
SongD1	gene240	gene240.treefile	28.0	0.4117647058823529
SongD1	gene241	gene241.treefile	14.0	0.20588235294117646
SongD1	gene242	gene242.treefile	14.0	0.20588235294117646
SongD1	gene243	gene243.treefile	16.0	0.23529411764705882
SongD1	gene244	gene244.treefile	20.0	0.29411764705882354
SongD1	gene245	gene245.treefile	20.0	0.29411764705882354
SongD1	gene246	gene246.treefile	14.0	0.20588235294117646
SongD1	gene247	gene247.treefile	12.0	0.17647058823529413
SongD1	gene248	gene248.treefile	14.0	0.20588235294117646
SongD1	gene249	gene249.treefile	16.0	0.23529411764705882
SongD1	gene25	gene25.treefile	16.0	0.23529411764705882
SongD1	gene250	gene250.treefile	16.0	0.23529411764705882
SongD1	gene251	gene251.treefile	16.0	0.23529411764705882
SongD1	gene252	gene252.treefile	20.0	0.29411764705882354
SongD1	gene253	gene253.treefile	14.0	0.20588235294117646
SongD1	gene254	gene254.treefile	14.0	0.20588235294117646
SongD1	gene255	gene255.treefile	14.0	0.20588235294117646
SongD1	gene256	gene256.treefile	18.0	0.2647058823529412
SongD1	gene258	gene258.treefile	24.0	0.35294117647058826
SongD1	gene259	gene259.treefile	34.0	0.5
SongD1	gene26	gene26.treefile	42.0	0.6176470588235294
SongD1	gene260	gene260.treefile	12.0	0.17647058823529413
SongD1	gene261	gene261.treefile	18.0	0.2647058823529412
SongD1	gene262	gene262.treefile	10.0	0.14705882352941177
SongD1	gene263	gene263.treefile	36.0	0.5294117647058824
SongD1	gene264	gene264.treefile	8.0	0.11764705882352941
SongD1	gene265	gene265.treefile	10.0	0.14705882352941177
SongD1	gene266	gene266.treefile	24.0	0.35294117647058826
SongD1	gene267	gene267.treefile	14.0	0.20588235294117646
SongD1	gene269	gene269.treefile	40.0	0.5882352941176471
SongD1	gene27	gene27.treefile	20.0	0.29411764705882354
SongD1	gene270	gene270.treefile	14.0	0.20588235294117646
SongD1	gene271	gene271.treefile	10.0	0.14705882352941177
SongD1	gene272	gene272.treefile	32.0	0.47058823529411764
SongD1	gene273	gene273.treefile	16.0	0.23529411764705882
SongD1	gene274	gene274.treefile	14.0	0.20588235294117646
SongD1	gene275	gene275.treefile	26.0	0.38235294117647056
SongD1	gene276	gene276.treefile	26.0	0.38235294117647056
SongD1	gene277	gene277.treefile	36.0	0.5294117647058824
SongD1	gene278	gene278.treefile	14.0	0.20588235294117646
SongD1	gene279	gene279.treefile	12.0	0.17647058823529413
SongD1	gene28	gene28.treefile	12.0	0.17647058823529413
SongD1	gene280	gene280.treefile	24.0	0.35294117647058826
SongD1	gene281	gene281.treefile	28.0	0.4117647058823529
SongD1	gene282	gene282.treefile	24.0	0.35294117647058826
SongD1	gene283	gene283.treefile	8.0	0.11764705882352941
SongD1	gene284	gene284.treefile	14.0	0.20588235294117646
SongD1	gene285	gene285.treefile	20.0	0.29411764705882354
SongD1	gene286	gene286.treefile	14.0	0.20588235294117646
SongD1	gene287	gene287.treefile	24.0	0.35294117647058826
SongD1	gene288	gene288.treefile	6.0	0.08823529411764706
SongD1	gene289	gene289.treefile	22.0	0.3235294117647059
SongD1	gene29	gene29.treefile	12.0	0.17647058823529413
SongD1	gene290	gene290.treefile	8.0	0.11764705882352941
SongD1	gene291	gene291.treefile	12.0	0.17647058823529413
SongD1	gene292	gene292.treefile	34.0	0.5
SongD1	gene293	gene293.treefile	12.0	0.17647058823529413
SongD1	gene294	gene294.treefile	16.0	0.23529411764705882
SongD1	gene295	gene295.treefile	16.0	0.23529411764705882
SongD1	gene296	gene296.treefile	18.0	0.2647058823529412
SongD1	gene297	gene297.treefile	12.0	0.17647058823529413
SongD1	gene298	gene298.treefile	22.0	0.3235294117647059
SongD1	gene299	gene299.treefile	16.0	0.23529411764705882
SongD1	gene3	gene3.treefile	12.0	0.17647058823529413
SongD1	gene30	gene30.treefile	16.0	0.23529411764705882
SongD1	gene300	gene300.treefile	50.0	0.7352941176470589
SongD1	gene301	gene301.treefile	26.0	0.38235294117647056
SongD1	gene302	gene302.treefile	16.0	0.23529411764705882
SongD1	gene303	gene303.treefile	18.0	0.2647058823529412
SongD1	gene304	gene304.treefile	16.0	0.23529411764705882
SongD1	gene305	gene305.treefile	40.0	0.5882352941176471
SongD1	gene306	gene306.treefile	12.0	0.17647058823529413
SongD1	gene307	gene307.treefile	22.0	0.3235294117647059
SongD1	gene308	gene308.treefile	8.0	0.11764705882352941
SongD1	gene309	gene309.treefile	16.0	0.23529411764705882
SongD1	gene31	gene31.treefile	12.0	0.17647058823529413
SongD1	gene310	gene310.treefile	14.0	0.20588235294117646
SongD1	gene311	gene311.treefile	28.0	0.4117647058823529
SongD1	gene312	gene312.treefile	18.0	0.2647058823529412
SongD1	gene313	gene313.treefile	16.0	0.23529411764705882
SongD1	gene314	gene314.treefile	24.0	0.35294117647058826
SongD1	gene315	gene315.treefile	24.0	0.35294117647058826
SongD1	gene316	gene316.treefile	12.0	0.17647058823529413
SongD1	gene317	gene317.treefile	16.0	0.23529411764705882
SongD1	gene318	gene318.treefile	30.0	0.4411764705882353
SongD1	gene319	gene319.treefile	26.0	0.38235294117647056
SongD1	gene32	gene32.treefile	16.0	0.23529411764705882
SongD1	gene320	gene320.treefile	10.0	0.14705882352941177
SongD1	gene321	gene321.treefile	16.0	0.23529411764705882
SongD1	gene322	gene322.treefile	24.0	0.35294117647058826
SongD1	gene323	gene323.treefile	6.0	0.08823529411764706
SongD1	gene324	gene324.treefile	24.0	0.35294117647058826
SongD1	gene325	gene325.treefile	12.0	0.17647058823529413
SongD1	gene326	gene326.treefile	28.0	0.4117647058823529
SongD1	gene327	gene327.treefile	16.0	0.23529411764705882
SongD1	gene328	gene328.treefile	12.0	0.17647058823529413
SongD1	gene33	gene33.treefile	18.0	0.2647058823529412
SongD1	gene330	gene330.treefile	6.0	0.08823529411764706
SongD1	gene331	gene331.treefile	20.0	0.29411764705882354
SongD1	gene332	gene332.treefile	30.0	0.4411764705882353
SongD1	gene333	gene333.treefile	14.0	0.20588235294117646
SongD1	gene334	gene334.treefile	16.0	0.23529411764705882
SongD1	gene335	gene335.treefile	18.0	0.2647058823529412
SongD1	gene336	gene336.treefile	32.0	0.47058823529411764
SongD1	gene337	gene337.treefile	28.0	0.4117647058823529
SongD1	gene338	gene338.treefile	10.0	0.14705882352941177
SongD1	gene339	gene339.treefile	20.0	0.29411764705882354
SongD1	gene34	gene34.treefile	16.0	0.23529411764705882
SongD1	gene340	gene340.treefile	36.0	0.5294117647058824
SongD1	gene341	gene341.treefile	26.0	0.38235294117647056
SongD1	gene342	gene342.treefile	18.0	0.2647058823529412
SongD1	gene343	gene343.treefile	10.0	0.14705882352941177
SongD1	gene344	gene344.treefile	22.0	0.3235294117647059
SongD1	gene345	gene345.treefile	16.0	0.23529411764705882
SongD1	gene346	gene346.treefile	10.0	0.14705882352941177
SongD1	gene347	gene347.treefile	16.0	0.23529411764705882
SongD1	gene348	gene348.treefile	20.0	0.29411764705882354
SongD1	gene349	gene349.treefile	20.0	0.29411764705882354
SongD1	gene350	gene350.treefile	18.0	0.2647058823529412
SongD1	gene351	gene351.treefile	30.0	0.4411764705882353
SongD1	gene352	gene352.treefile	18.0	0.2647058823529412
SongD1	gene353	gene353.treefile	34.0	0.5
SongD1	gene354	gene354.treefile	20.0	0.29411764705882354
SongD1	gene355	gene355.treefile	14.0	0.20588235294117646
SongD1	gene356	gene356.treefile	12.0	0.17647058823529413
SongD1	gene357	gene357.treefile	12.0	0.17647058823529413
SongD1	gene359	gene359.treefile	20.0	0.29411764705882354
SongD1	gene36	gene36.treefile	12.0	0.17647058823529413
SongD1	gene360	gene360.treefile	40.0	0.5882352941176471
SongD1	gene361	gene361.treefile	26.0	0.38235294117647056
SongD1	gene362	gene362.treefile	12.0	0.17647058823529413
SongD1	gene363	gene363.treefile	12.0	0.17647058823529413
SongD1	gene364	gene364.treefile	12.0	0.17647058823529413
SongD1	gene365	gene365.treefile	20.0	0.29411764705882354
SongD1	gene366	gene366.treefile	22.0	0.3235294117647059
SongD1	gene367	gene367.treefile	10.0	0.14705882352941177
SongD1	gene368	gene368.treefile	32.0	0.47058823529411764
SongD1	gene369	gene369.treefile	30.0	0.4411764705882353
SongD1	gene37	gene37.treefile	32.0	0.47058823529411764
SongD1	gene370	gene370.treefile	34.0	0.5
SongD1	gene371	gene371.treefile	42.0	0.6176470588235294
SongD1	gene372	gene372.treefile	20.0	0.29411764705882354
SongD1	gene373	gene373.treefile	38.0	0.5588235294117647
SongD1	gene374	gene374.treefile	16.0	0.23529411764705882
SongD1	gene375	gene375.treefile	26.0	0.38235294117647056
SongD1	gene376	gene376.treefile	10.0	0.14705882352941177
SongD1	gene377	gene377.treefile	18.0	0.2647058823529412
SongD1	gene378	gene378.treefile	10.0	0.14705882352941177
SongD1	gene379	gene379.treefile	32.0	0.47058823529411764
SongD1	gene38	gene38.treefile	16.0	0.23529411764705882
SongD1	gene380	gene380.treefile	22.0	0.3235294117647059
SongD1	gene381	gene381.treefile	14.0	0.20588235294117646
SongD1	gene382	gene382.treefile	8.0	0.11764705882352941
SongD1	gene383	gene383.treefile	14.0	0.20588235294117646
SongD1	gene384	gene384.treefile	16.0	0.23529411764705882
SongD1	gene385	gene385.treefile	16.0	0.23529411764705882
SongD1	gene386	gene386.treefile	16.0	0.23529411764705882
SongD1	gene387	gene387.treefile	10.0	0.14705882352941177
SongD1	gene388	gene388.treefile	30.0	0.4411764705882353
SongD1	gene389	gene389.treefile	18.0	0.2647058823529412
SongD1	gene39	gene39.treefile	16.0	0.23529411764705882
SongD1	gene390	gene390.treefile	14.0	0.20588235294117646
SongD1	gene391	gene391.treefile	4.0	0.058823529411764705
SongD1	gene392	gene392.treefile	6.0	0.08823529411764706
SongD1	gene393	gene393.treefile	12.0	0.17647058823529413
SongD1	gene394	gene394.treefile	32.0	0.47058823529411764
SongD1	gene395	gene395.treefile	24.0	0.35294117647058826
SongD1	gene396	gene396.treefile	16.0	0.23529411764705882
SongD1	gene397	gene397.treefile	16.0	0.23529411764705882
SongD1	gene398	gene398.treefile	12.0	0.17647058823529413
SongD1	gene399	gene399.treefile	8.0	0.11764705882352941
SongD1	gene4	gene4.treefile	14.0	0.20588235294117646
SongD1	gene40	gene40.treefile	10.0	0.14705882352941177
SongD1	gene400	gene400.treefile	20.0	0.29411764705882354
SongD1	gene401	gene401.treefile	16.0	0.23529411764705882
SongD1	gene402	gene402.treefile	10.0	0.14705882352941177
SongD1	gene403	gene403.treefile	10.0	0.14705882352941177
SongD1	gene404	gene404.treefile	14.0	0.20588235294117646
SongD1	gene406	gene406.treefile	16.0	0.23529411764705882
SongD1	gene407	gene407.treefile	18.0	0.2647058823529412
SongD1	gene408	gene408.treefile	14.0	0.20588235294117646
SongD1	gene409	gene409.treefile	14.0	0.20588235294117646
SongD1	gene41	gene41.treefile	12.0	0.17647058823529413
SongD1	gene410	gene410.treefile	26.0	0.38235294117647056
SongD1	gene411	gene411.treefile	24.0	0.35294117647058826
SongD1	gene412	gene412.treefile	40.0	0.5882352941176471
SongD1	gene413	gene413.treefile	16.0	0.23529411764705882
SongD1	gene414	gene414.treefile	8.0	0.11764705882352941
SongD1	gene415	gene415.treefile	30.0	0.4411764705882353
SongD1	gene416	gene416.treefile	16.0	0.23529411764705882
SongD1	gene417	gene417.treefile	28.0	0.4117647058823529
SongD1	gene418	gene418.treefile	16.0	0.23529411764705882
SongD1	gene419	gene419.treefile	10.0	0.14705882352941177
SongD1	gene42	gene42.treefile	18.0	0.2647058823529412
SongD1	gene420	gene420.treefile	44.0	0.6470588235294118
SongD1	gene421	gene421.treefile	16.0	0.23529411764705882
SongD1	gene422	gene422.treefile	20.0	0.29411764705882354
SongD1	gene423	gene423.treefile	6.0	0.08823529411764706
SongD1	gene425	gene425.treefile	18.0	0.2647058823529412
SongD1	gene426	gene426.treefile	12.0	0.17647058823529413
SongD1	gene427	gene427.treefile	36.0	0.5294117647058824
SongD1	gene428	gene428.treefile	24.0	0.35294117647058826
SongD1	gene429	gene429.treefile	22.0	0.3235294117647059
SongD1	gene43	gene43.treefile	20.0	0.29411764705882354
SongD1	gene430	gene430.treefile	16.0	0.23529411764705882
SongD1	gene431	gene431.treefile	8.0	0.11764705882352941
SongD1	gene432	gene432.treefile	14.0	0.20588235294117646
SongD1	gene433	gene433.treefile	16.0	0.23529411764705882
SongD1	gene435	gene435.treefile	24.0	0.35294117647058826
SongD1	gene436	gene436.treefile	16.0	0.23529411764705882
SongD1	gene437	gene437.treefile	26.0	0.38235294117647056
SongD1	gene438	gene438.treefile	18.0	0.2647058823529412
SongD1	gene439	gene439.treefile	16.0	0.23529411764705882
SongD1	gene44	gene44.treefile	2.0	0.029411764705882353
SongD1	gene440	gene440.treefile	18.0	0.2647058823529412
SongD1	gene441	gene441.treefile	20.0	0.29411764705882354
SongD1	gene442	gene442.treefile	14.0	0.20588235294117646
SongD1	gene443	gene443.treefile	22.0	0.3235294117647059
SongD1	gene444	gene444.treefile	14.0	0.20588235294117646
SongD1	gene445	gene445.treefile	18.0	0.2647058823529412
SongD1	gene446	gene446.treefile	14.0	0.20588235294117646
SongD1	gene447	gene447.treefile	10.0	0.14705882352941177
SongD1	gene45	gene45.treefile	12.0	0.17647058823529413
SongD1	gene46	gene46.treefile	30.0	0.4411764705882353
SongD1	gene48	gene48.treefile	30.0	0.4411764705882353
SongD1	gene50	gene50.treefile	18.0	0.2647058823529412
SongD1	gene51	gene51.treefile	18.0	0.2647058823529412
SongD1	gene52	gene52.treefile	10.0	0.14705882352941177
SongD1	gene53	gene53.treefile	34.0	0.5
SongD1	gene54	gene54.treefile	14.0	0.20588235294117646
SongD1	gene55	gene55.treefile	22.0	0.3235294117647059
SongD1	gene56	gene56.treefile	20.0	0.29411764705882354
SongD1	gene57	gene57.treefile	8.0	0.11764705882352941
SongD1	gene58	gene58.treefile	16.0	0.23529411764705882
SongD1	gene59	gene59.treefile	16.0	0.23529411764705882
SongD1	gene6	gene6.treefile	24.0	0.35294117647058826
SongD1	gene61	gene61.treefile	12.0	0.17647058823529413
SongD1	gene62	gene62.treefile	10.0	0.14705882352941177
SongD1	gene63	gene63.treefile	10.0	0.14705882352941177
SongD1	gene64	gene64.treefile	10.0	0.14705882352941177
SongD1	gene65	gene65.treefile	26.0	0.38235294117647056
SongD1	gene66	gene66.treefile	14.0	0.20588235294117646
SongD1	gene67	gene67.treefile	14.0	0.20588235294117646
SongD1	gene68	gene68.treefile	16.0	0.23529411764705882
SongD1	gene69	gene69.treefile	20.0	0.29411764705882354
SongD1	gene7	gene7.treefile	12.0	0.17647058823529413
SongD1	gene70	gene70.treefile	10.0	0.14705882352941177
SongD1	gene71	gene71.treefile	10.0	0.14705882352941177
SongD1	gene72	gene72.treefile	14.0	0.20588235294117646
SongD1	gene73	gene73.treefile	22.0	0.3235294117647059
SongD1	gene74	gene74.treefile	20.0	0.29411764705882354
SongD1	gene76	gene76.treefile	26.0	0.38235294117647056
SongD1	gene77	gene77.treefile	52.0	0.7647058823529411
SongD1	gene78	gene78.treefile	28.0	0.4117647058823529
SongD1	gene79	gene79.treefile	16.0	0.23529411764705882
SongD1	gene8	gene8.treefile	18.0	0.2647058823529412
SongD1	gene80	gene80.treefile	28.0	0.4117647058823529
SongD1	gene81	gene81.treefile	12.0	0.17647058823529413
SongD1	gene82	gene82.treefile	16.0	0.23529411764705882
SongD1	gene83	gene83.treefile	16.0	0.23529411764705882
SongD1	gene84	gene84.treefile	18.0	0.2647058823529412
SongD1	gene85	gene85.treefile	16.0	0.23529411764705882
SongD1	gene86	gene86.treefile	28.0	0.4117647058823529
SongD1	gene87	gene87.treefile	28.0	0.4117647058823529
SongD1	gene88	gene88.treefile	10.0	0.14705882352941177
SongD1	gene89	gene89.treefile	12.0	0.17647058823529413
SongD1	gene9	gene9.treefile	14.0	0.20588235294117646
SongD1	gene91	gene91.treefile	22.0	0.3235294117647059
SongD1	gene92	gene92.treefile	16.0	0.23529411764705882
SongD1	gene93	gene93.treefile	12.0	0.17647058823529413
SongD1	gene94	gene94.treefile	28.0	0.4117647058823529
SongD1	gene95	gene95.treefile	16.0	0.23529411764705882
SongD1	gene96	gene96.treefile	16.0	0.23529411764705882
SongD1	gene97	gene97.treefile	22.0	0.3235294117647059
SongD1	gene98	gene98.treefile	18.0	0.2647058823529412
SongD1	gene99	gene99.treefile	16.0	0.23529411764705882
